query,keyword,searchVolume,rankingDifficulty,cpc
mood tracker,best mood tracker app reddit,24,1,0
mood tracker,bullet journal mood tracker ideas,220,9,0
mood tracker,october bullet journal mood tracker,90,9,0
mood tracker,bullet journal mood tracker printable,660,10,0
mood tracker,bujo mood tracker,180,10,0
mood tracker,monthly mood tracker ideas,70,10,0
mood tracker,february bullet journal mood tracker,44,10,0
mood tracker,bullet journal mood tracker,1800,13,0
mood tracker,mood tracker ideas,540,13,0
mood tracker,bullet journal tracker mood for February,340,13,0
mood tracker,printable mood tracker,220,13,0
mood tracker,cute mood tracker printable,135,13,0
mood tracker,mood tracker bullet journal,1800,14,0
mood tracker,mood tracker printable free,300,14,0
mood tracker,mood tracker printable pdf,135,14,0
mood tracker,mood tracker sheet,120,14,0
mood tracker,printable mood tracker pdf,90,14,0
mood tracker,what's the point of a mood tracker,420,21,0
mood tracker,mood tracker journal,360,21,0
mood tracker,june mood tracker,180,21,0
mood tracker,october mood tracker,135,21,0
mood tracker,april mood tracker,135,22,0
mood tracker,july mood tracker,90,22,0
mood tracker,bipolar mood tracker printable pdf,44,22,0
mood tracker,dbt mood tracker,28,22,0
mood tracker,bipolar mood tracker app,230,28,0
mood tracker,bipolar mood tracker,180,28,0
mood tracker,mood tracker chart,180,28,0
mood tracker,hourly mood tracker,90,28,0
mood tracker,online mood tracker,90,28,0
mood tracker,mood trackers,400,31,0
mood tracker,daily mood tracker,270,31,0
mood tracker,mood tracker calendar,135,35,0
mood tracker,simple mood tracker,90,35,0
mood tracker,mood tracker apps,44,35,0
mood tracker,best mood tracker app,90,37,0
mood tracker,app mood tracker,6,37,0
mood tracker,mood tracker app,750,39,0
mood tracker,mood tracker iphone,44,39,0
mood tracker,apple mood tracker,40,39,0
mood tracker,mood tracker bipolar,44,46,0
mood tracker,mood tracker for depression,44,48,0
mood tracker,best mood tracker app for bipolar,80,50,0
mood tracker,best bipolar mood tracker app,44,50,0
emotion,emotionally unavailable woman reddit,220,1,0
emotion,emotional neglect reddit,180,1,0
emotion,emotional eating reddit,135,1,0
emotion,how is cognitive therapy different from rational-emotive therapy quizlet,135,1,0
emotion,emotional support animal registration reddit,135,1,0
emotion,emotional release therapy near me,1300,5,0
emotion,bussers emote,810,5,0
emotion,neuro emotional technique,750,5,0
emotion,dansexy emote,660,5,0
emotion,elajjaz emotes,630,5,0
emotion,scenario emote gif,2100,6,0
emotion,widehard emote,1600,6,0
emotion,neuro emotional technique practitioners near me,900,6,0
emotion,emoting mokou,750,6,0
emotion,teen titans emotion sickness,570,6,0
emotion,emotional support dog training near me,2200,8,0
emotion,pausechamp emote,930,8,0
emotion,39daph emotes,900,8,0
emotion,waytoodank emote,660,8,0
emotion,can jiu jitsu help you controll emotions,570,8,0
emotion,betterttv emotes,13900,14,0
emotion,emotions wheel,5200,14,0
emotion,pogu emote,2300,14,0
emotion,pepelaugh emote,1200,14,0
emotion,5e calm emotions,1200,14,0
emotion,twitch emote size,11700,16,0
emotion,calm emotions 5e,10100,16,0
emotion,genshin emotes,2300,16,0
emotion,emotional intimacy,2200,16,0
emotion,pogo twitch emote,2000,16,0
emotion,emotional incest,3700,19,0
emotion,booba emote,2500,19,0
emotion,twitch emote resizer,2300,19,0
emotion,emotionally scarred lyrics,2100,19,0
emotion,emotional wheel,2100,19,0
emotion,weirdchamp emote,3000,21,0
emotion,nam emote,2600,21,0
emotion,peepo emotes,2600,21,0
emotion,appeal to emotion fallacy,1900,21,0
emotion,most popular twitch emotes,1700,21,0
emotion,ayaya emote,4700,27,0
emotion,emotionally focused therapy,3800,27,0
emotion,yep emote,3700,27,0
emotion,twitch emote extension,3200,27,0
emotion,emotions lyrics,2800,27,0
emotion,shrug emote,5100,35,0
emotion,basic emotions,3700,35,0
emotion,emotional definition,3200,35,0
emotion,emotional stability,3000,35,0
emotion,kappa emote,2800,35,0
emotion,united airlines emotional support animal,3700,38,0
emotion,emotional quotient,3500,38,0
emotion,emotional appeal definition,2600,38,0
emotion,social emotional skills,1600,38,0
emotion,is tired an emotion,1200,38,0
emotion,emotions synonym,9600,46,0
emotion,types of emotions,2600,46,0
emotion,daniel goleman emotional intelligence,2200,46,0
emotion,emotional support animal letter,2100,46,0
emotion,how to register an emotional support animal,1300,46,0
emotion,emotional abuse,20600,50,0
emotion,positive emotions,3500,50,0
emotion,intentional infliction of emotional distress,3200,50,0
emotion,social and emotional development,1800,50,0
emotion,is anxiety an emotion,1000,50,0
emotion,emote,16400,52,0
emotion,emotional intelligence definition,5400,52,0
emotion,emotional development,2400,52,0
emotion,social emotional learning curriculum,2300,52,0
emotion,human emotions,2000,52,0
emotion,emotional support dog,11500,55,0
emotion,emotionality,3900,55,0
emotion,mixed emotions,2000,55,0
emotion,is stress an emotion,1300,55,0
emotion,emotional control,1200,55,0
emotion,emotional contagion,6900,59,0
emotion,emotion regulation,3300,59,0
emotion,what is emotional intelligence?,1900,59,0
emotion,what is emotion,1600,59,0
emotion,complex emotions,1600,59,0
emotion,emotion,17200,63,0
emotion,emotional appeals,2300,63,0
emotion,the two-factor theory of emotion would have difficulty explaining why a,720,63,0
emotion,working with emotional intelligence,630,63,0
emotion,lynn worsham emotion,570,63,0
emotion,emotional health,11300,66,0
emotion,emotions definition,2600,66,0
emotion,mental/emotional health,2300,66,0
emotion,emotional support dogs,1700,66,0
emotion,Emotional signs of stress include aches and nausea.,840,66,0
emotion,"what ""self-conscious"" emotion is the most relevant to the moral development ?",440,73,0
emotion,"condition of the mind that involves thoughts, sensations, perceptions, and emotions.",360,73,0
emotion,what is emotional child abuse,190,73,0
emotion,"Emotion, motivation, olfaction, behavior, and memory, in humans, are mediated by the _____.",190,73,0
emotion,situations that trigger physical and emotional reactions are termed,180,73,0
emotion,free catalogs emotional support animal,340,79,0
emotion,which of the following best describes the effects of an sti on emotional and social health?,340,79,0
emotion,which understanding do audiences not gain from a soliloquy? interaction behavior motivation emotion,320,79,0
emotion,emotional support line,300,79,0
emotion,which of the following is not one of the basic components of emotion identified in the text?,220,79,0
emotion,which statement is not true concerning the emotional effects influenced by early sexual activity?,3100,82,0
emotion,emotional hotline,110,82,0
emotion,the emotional brain ledoux,28,82,0
emotion,"when confronted by an armed robber, your emotional arousal is likely to be accompanied by",570,84,0
emotion,emotional help hotline,90,84,0
emotion,emotion lab,90,84,0
emotion,emotional labor meaning,44,84,0
emotion,emotional support animal gov,70,97,0
mood,nude mood colourpop,2500,15,0
mood,mood roblox id,840,15,0
mood,artists that create mood in artwork,510,15,0
mood,essential oils for mood swings,400,15,0
mood,morning mood piano sheet music,360,15,0
mood,tone vs mood,15100,24,0
mood,mood disorder questionnaire,2300,24,0
mood,tone and mood examples,1900,24,0
mood,mood octopus,1200,24,0
mood,why you always in the mood,1000,24,0
mood,mood words,8000,31,0
mood,define mood in literature,2400,31,0
mood,vitafusion relaxed mood,1200,31,0
mood,indicative mood verb,750,31,0
mood,mood ring toilet seat,720,31,0
mood,in the mood for love,42000,55,0
mood,mood in english,630,55,0
mood,thyroid removal side effects mood swings,460,55,0
mood,the acute effects of humor and exercise on mood and anxiety nrpa,380,55,0
mood,icd 10 code for mood disorder nos,300,55,0
mood,good mood,1100,56,0
mood,mood changes,630,56,0
mood,mood linkage,400,56,0
mood,symptoms of mood disorder,400,56,0
mood,singulair side effects mood,400,56,0
mood,is depression a mood disorder,1200,64,0
mood,what is a mood,1100,64,0
mood,lorde mood ring,810,64,0
mood,discovery mood and anxiety program,630,64,0
mood,what is mood in english,400,64,0
mood,mood',420,65,0
mood,psychoactive drugs change mood or behavior by acting on,320,65,0
mood,depression mood disorder,270,65,0
mood,depressive mood disorder,180,65,0
mood,mixed mood disorder,135,65,0
mood,mood disorders,21600,74,0
mood,robert plant in the mood,540,74,0
mood,mood and affect list,440,74,0
mood,"What term best characterizes the mood of Mary Shelley's novel, ""Frankenstein?""",75,74,0
mood,mellow mood band,70,74,0
mood,mood center,125,75,0
mood,mood and anxiety disorders,90,75,0
